Analysis Run Date,Selected Stock,Current EGP Price,Recommendation,Undervalued (Yes/No),Golden Cross (Yes/No),Death Cross (Yes/No),Diamond Cross (20>50) (Yes/No),RSI (%),Volume Multiplier (vs 1Y),Buy Volume Multiplier (vs 2-Month),Optimal Entry Price,Stop Loss,Take Profit 1,Take Profit 2,Take Profit 3
2026-08-02,AMOC,9.58,Watch,Yes,Yes,No,Yes,78.6,3.528,10.142,8.595,8.24,9.9233,11.3133,12.3517
2026-08-02,ARCC,56.43,Watch,No,Yes,No,Yes,52.39,0.441,1.245,56.327,55.4,57.6413,57.9093,58.3333
2026-08-02,EFID,27.37,Watch,Yes,Yes,No,No,44.87,0.692,1.269,26.9091,26.88,27.9824,28.521,28.6067
2026-08-02,EFIH,22.75,Watch,Yes,Yes,No,Yes,55.18,0.91,1.287,22.0,21.87,23.6529,23.7306,24.3367
2026-08-02,EGAL,300.27,Hold,No,Yes,No,No,51.4,0.314,0.482,300.2409,294.5,307.3727,308.3187,311.2833
2026-08-02,ISPH,11.76,Hold,Yes,Yes,No,No,53.94,1.093,0.353,11.5593,11.3164,11.7746,11.8941,12.15
2026-08-02,JUFO,29.24,Buy,Yes,Yes,No,Yes,46.74,0.49,0.758,28.3793,27.9949,30.8533,30.954,31.4951
2026-08-02,MCQE,184.83,Watch,No,Yes,No,Yes,53.93,0.396,1.906,183.1928,175.0,192.0267,192.6719,194.9533
2026-08-02,ORAS,714.0,Watch,Yes,Yes,No,Yes,51.25,,,701.3951,688.154,728.4585,728.646,736.8
2026-08-02,ORWE,22.98,Avoid,Yes,No,Yes,No,51.18,0.836,0.207,,,,,
2026-08-02,PHDC,14.48,Buy,Yes,Yes,No,Yes,44.28,0.354,1.075,14.4223,14.3284,15.1383,15.1467,15.1557
2026-08-02,ETEL,113.11,Watch,No,Yes,No,Yes,75.83,1.424,0.841,101.8988,100.1628,117.1867,133.1667,145.111
2026-08-02,RMDA,5.58,Watch,No,Yes,No,Yes,74.34,3.326,1.568,5.2443,5.04,5.62,6.06,6.3716
2026-08-02,AMER,4.86,Watch,No,Yes,No,Yes,80.04,0.596,0.175,4.4288,3.0,5.2673,5.3832,5.4
2026-08-02,ARAB,0.242,Watch,No,Yes,No,Yes,56.33,0.697,0.619,0.2384,0.232,0.2589,0.267,0.296
2026-08-02,COSG,1.69,Watch,Yes,Yes,No,Yes,57.12,0.377,0.263,1.6597,1.5701,1.737,1.7469,1.76
2026-08-02,POUL,37.92,Watch,No,Yes,No,Yes,46.92,0.264,0.865,37.3861,36.6681,40.4079,40.4652,40.6333
2026-08-02,PRCL,36.8,Watch,No,Yes,No,Yes,61.79,0.575,0.065,35.9118,33.6727,37.3616,37.8636,38.2267
2026-08-02,ETRS,10.65,Watch,Yes,Yes,No,Yes,53.14,0.688,1.013,10.5797,10.3209,11.0391,11.0693,11.15
2026-08-02,OBRI,32.32,Watch,Yes,Yes,No,No,34.54,1.789,0.65,31.5,29.9767,32.4106,35.9053,37.0467
2026-08-02,NIPH,233.0,Watch,No,Yes,No,Yes,73.56,2.403,2.386,205.5366,180.2255,239.7945,254.2116,255.99
2026-08-02,SWDY,95.48,Watch,Yes,Yes,No,Yes,64.59,1.067,1.234,92.5522,91.2256,96.5592,97.4401,98.33
2026-08-02,ENGC,41.75,Watch,No,Yes,No,Yes,57.53,1.3,0.877,41.454,37.5458,44.1009,45.1364,45.3367
2026-08-02,ZEOT,12.69,Watch,No,Yes,No,Yes,70.52,0.576,0.248,11.7044,11.1606,12.8261,13.1767,13.3406
2026-08-02,BIOC,287.71,Watch,No,Yes,No,Yes,93.07,7.16,5.65,177.23,146.523,288.3412,296.6467,353.5333
2026-08-02,IFAP,19.89,Buy,Yes,Yes,No,No,58.14,0.556,2.68,19.578,19.51,19.9555,20.0876,20.2067
2026-08-02,ICFC,15.75,Buy,No,Yes,No,Yes,59.4,0.756,2.146,15.43,15.2723,15.799,15.8064,16.0667
2026-08-02,ISMA,31.0,Watch,No,Yes,No,Yes,64.85,0.18,0.559,29.62,29.4803,32.2847,32.3265,33.4067
2026-08-02,LCSW,35.19,Watch,No,Yes,No,Yes,65.47,0.872,1.053,32.4486,29.4011,36.5522,37.0004,38.3133
2026-08-02,MPCO,1.98,Buy,Yes,Yes,No,Yes,62.43,0.686,1.761,1.9079,1.8311,2.0413,2.0833,2.1121
2026-08-02,ATQA,9.89,Buy,Yes,Yes,No,Yes,55.87,0.404,1.166,9.8008,9.73,10.0704,10.2191,10.29
2026-08-02,MTIE,9.68,Watch,No,Yes,No,Yes,60.51,1.007,0.839,9.5091,9.2222,9.7086,9.7933,9.8696
2026-08-02,RACC,10.14,Buy,Yes,Yes,No,Yes,52.59,0.817,1.695,10.125,9.91,10.4159,10.6503,10.7033
2026-08-02,SKPC,15.89,Watch,Yes,Yes,No,No,46.15,0.706,1.491,15.3806,15.0075,16.259,16.5125,16.7124
2026-08-02,SCEM,77.6,Watch,No,Yes,No,Yes,60.07,2.236,0.0,76.501,75.8223,86.6599,89.1701,91.6333
2026-08-02,OCDI,29.39,Watch,Yes,Yes,No,Yes,70.8,4.057,0.731,27.7014,26.703,30.0,30.1593,31.97
2026-08-02,SVCE,9.24,Watch,Yes,Yes,No,Yes,50.2,0.229,0.346,9.2124,9.062,9.663,9.7621,9.7767
2026-08-02,MOED,0.679,Avoid,Yes,No,Yes,No,38.04,2.094,0.574,,,,,
2026-08-02,RREI,4.61,Watch,No,Yes,No,Yes,68.76,1.394,0.733,4.2602,4.1295,4.7631,4.9278,5.2367
2026-08-02,ADIB,53.2,Watch,No,Yes,No,Yes,72.41,0.465,2.771,48.7998,48.2733,53.2048,53.363,54.8285
2026-08-02,MFPC,37.75,Watch,Yes,Yes,No,No,51.72,1.373,2.504,37.2052,35.7208,38.25,38.5567,38.7135
2026-08-02,NCCW,7.14,Watch,Yes,Yes,No,Yes,65.82,1.144,0.58,6.7256,6.4854,7.2151,7.45,7.5149
2026-08-02,EALR,399.0,Watch,No,Yes,No,Yes,67.49,6.278,13.664,382.0,361.44,423.2347,436.6533,445.4187
2026-08-02,AALR,307.0,Watch,No,Yes,No,Yes,83.52,4.517,15.424,256.995,234.8051,307.9633,308.8515,342.1467
2026-08-02,KABO,7.92,Watch,No,Yes,No,Yes,58.07,1.044,1.019,7.7478,6.7382,8.7551,9.0028,9.2333
2026-08-02,MCRO,1.5,Watch,Yes,Yes,No,Yes,68.61,2.676,1.282,1.4258,1.32,1.5828,1.66,1.6772
2026-08-02,GGCC,0.86,Watch,Yes,Yes,No,Yes,74.18,0.841,0.729,0.7278,0.595,0.9255,1.0187,1.0331
2026-08-02,INEG,0.534,Avoid,Yes,No,Yes,Yes,63.32,2.707,0.647,,,,,
2026-08-02,CPCI,481.83,Watch,Yes,Yes,No,Yes,73.87,3.655,0.343,460.6768,439.5284,501.4547,507.7685,518.9933
2026-08-02,AXPH,1246.92,Buy,Yes,Yes,No,Yes,67.26,2.542,2.673,1210.3521,1171.7975,1252.9855,1312.2368,1341.2533
2026-08-02,MBSC,244.5,Watch,Yes,Yes,No,No,47.09,0.593,0.307,235.83,234.7855,244.7297,248.1478,250.2892
2026-08-02,MILS,207.75,Watch,No,Yes,No,Yes,72.73,3.941,1.211,172.6528,167.0,208.4527,224.8967,227.944
2026-08-02,ZMID,7.2,Watch,Yes,Yes,No,Yes,53.4,1.334,0.0,6.99,6.6391,7.6476,7.8167,7.8885
2026-08-02,AMIA,11.89,Watch,No,Yes,No,Yes,74.09,0.231,0.891,10.2473,9.4033,12.0143,12.2874,12.3333
2026-08-02,MISR,5.51,Watch,Yes,Yes,No,Yes,48.33,0.0,0.0,5.42,5.3534,5.69,5.7031,5.7669
2026-08-02,MPCI,292.31,Watch,No,Yes,No,Yes,75.45,0.759,0.828,264.7912,258.3459,298.94,304.8566,313.52
2026-08-02,TALM,18.47,Watch,No,Yes,No,Yes,75.92,5.925,2.016,17.43,16.0664,19.0869,19.6033,20.1064
2026-08-02,LUTS,0.58,Watch,No,Yes,No,Yes,53.32,1.677,0.087,0.5579,0.543,0.5994,0.6229,0.6557
